"full_name","epoch","e","a","i","om","w","ma","per"
"    1P/Halley",2439875.5,0.9679,17.93,162.19,59.10,112.24,274.38,2.77e+04
"    2P/Encke",2459897.5,0.8475,2.22,11.38,334.14,187.18,257.98,1.21e+03
"    3D/Biela",2390520.5,0.7513,3.535,13.22,250.67,221.66,0.95,2.43e+03
"    4P/Faye",2458523.5,0.5845,3.798,8.16,194.79,206.00,234.86,2.7e+03
"    5D/Brorsen",2407440.5,0.8098,3.101,29.38,102.97,14.95,0.17,1.99e+03
"    6P/d'Arrest",2459302.5,0.6127,3.497,19.51,138.94,178.11,333.96,2.39e+03
"    7P/Pons-Winnecke",2457170.5,0.6376,3.419,22.33,93.41,172.51,18.31,2.31e+03
"    8P/Tuttle",2454701.5,0.8198,5.7,54.98,270.34,207.51,15.13,4.97e+03
"    9P/Tempel 1",2457470.5,0.5097,3.146,10.47,68.75,179.20,336.59,2.04e+03
"   10P/Tempel 2",2457836.5,0.5374,3.063,12.03,117.80,195.52,91.14,1.96e+03
"   11P/Tempel-Swift-LINEAR",2458859.5,0.5773,3.286,14.43,238.96,167.84,307.04,2.18e+03
"   12P/Pons-Brooks",2460211.5,0.9546,17.18,74.19,255.86,198.99,357.09,2.6e+04
"   13P/Olbers",2459193.5,0.9297,16.69,44.62,85.87,64.51,341.22,2.49e+04
"   14P/Wolf",2456689.5,0.3560,4.252,27.92,202.13,159.22,202.55,3.2e+03
"   15P/Finlay",2457327.5,0.7202,3.49,6.80,13.75,347.63,46.69,2.38e+03
"   16P/Brooks 2",2457551.5,0.5690,3.375,4.31,159.34,220.17,115.79,2.26e+03
"   17P/Holmes",2457680.5,0.4302,3.626,19.07,326.77,24.74,133.79,2.52e+03
"   18D/Perrine-Mrkos",2440240.5,0.6426,3.56,17.76,240.88,166.05,11.51,2.45e+03
"   19P/Borrelly",2459286.5,0.6379,3.607,29.32,74.30,351.86,313.13,2.5e+03
"   20D/Westphal",2420080.5,0.9198,15.64,40.89,348.01,57.08,359.72,2.26e+04
"   21P/Giacobini-Zinner",2458070.5,0.7105,3.5,32.00,195.40,172.81,314.66,2.39e+03
"   22P/Kopff",2458545.5,0.5486,3.444,4.74,120.84,162.91,188.72,2.33e+03
"   23P/Brorsen-Metcalf",2447800.5,0.9720,17.07,19.33,311.59,129.61,0.27,2.58e+04
"   24P/Schaumasse",2460321.5,0.7079,4.056,11.50,78.29,58.48,272.20,2.98e+03
"   25D/Neujmin 2",2424960.5,0.5668,3.089,10.64,328.72,193.70,11.58,1.98e+03
"   26P/Grigg-Skjellerup",2456017.5,0.6397,3.024,22.46,211.63,1.90,273.42,1.92e+03
"   27P/Crommelin",2452489.5,0.9193,9.093,29.22,250.96,195.96,241.87,1e+04
"   28P/Neujmin 1",2458727.5,0.7735,6.965,14.31,346.35,347.44,330.08,6.71e+03
"   29P/Schwassmann-Wachmann 1",2459866.5,0.0448,6.046,9.36,312.39,50.66,84.64,5.43e+03
"   30P/Reinmuth 1",2457497.5,0.5023,3.771,8.13,119.72,13.25,294.44,2.67e+03
"   31P/Schwassmann-Wachmann 2",2455608.5,0.1930,4.243,4.55,114.19,17.93,15.73,3.19e+03
"   32P/Comas Sola",2458833.5,0.5567,4.499,9.94,57.66,53.30,194.89,3.49e+03
"   33P/Daniel",2457411.5,0.4632,4.024,22.39,66.49,19.06,334.19,2.95e+03
"   34D/Gale",2429080.5,0.7607,4.944,11.73,67.92,209.16,1.12,4.02e+03
"   35P/Herschel-Rigollet",2429480.5,0.9740,28.84,64.21,355.98,29.30,359.97,5.66e+04
"   36P/Whipple",2454686.5,0.2582,4.165,9.94,182.39,201.96,216.03,3.1e+03
"   37P/Forbes",2458673.5,0.5342,3.458,8.96,314.58,330.02,66.04,2.35e+03
"   38P/Stephan-Oterma",2458266.5,0.8593,11.29,18.35,78.00,359.59,355.66,1.39e+04
"   39P/Oterma",2456994.5,0.2284,7.403,1.48,303.64,89.70,210.80,7.36e+03
"   40P/Vaisala 1",2455788.5,0.6325,4.904,11.50,134.48,47.31,251.92,3.97e+03
"   41P/Tuttle-Giacobini-Kresak",2457857.5,0.6613,3.085,9.23,141.06,62.17,0.23,1.98e+03
"   42P/Neujmin 3",2454120.5,0.5856,4.858,3.99,150.35,147.18,84.47,3.91e+03
"   43P/Wolf-Harrington",2459065.5,0.4386,4.307,9.39,244.41,224.05,158.43,3.27e+03
"   44P/Reinmuth 2",2458939.5,0.4270,3.689,5.90,286.48,58.12,255.16,2.59e+03
"   45P/Honda-Mrkos-Pajdusakova",2457979.5,0.8240,3.026,4.25,88.93,326.34,42.26,1.92e+03
"   46P/Wirtanen",2458465.5,0.6588,3.093,11.75,82.16,356.34,0.01,1.99e+03
"   47P/Ashbrook-Jackson",2459557.5,0.3185,4.123,13.04,356.92,357.66,193.13,3.06e+03
"   48P/Johnson",2458564.5,0.4271,3.499,12.21,110.13,216.57,33.40,2.39e+03
"   49P/Arend-Rigaux",2457055.5,0.6002,3.567,19.06,118.83,332.93,175.82,2.46e+03
"   50P/Arend",2455743.5,0.5306,4.087,19.16,355.31,49.04,159.38,3.02e+03
"   51P/Harrington",2457925.5,0.5420,3.71,5.42,83.72,269.16,93.59,2.61e+03
"   52P/Harrington-Abell",2457578.5,0.5400,3.859,10.23,336.84,139.66,111.11,2.77e+03
"   53P/Van Biesbroeck",2455802.5,0.5510,5.405,6.61,148.90,134.26,226.11,4.59e+03
"   54P/de Vico-Swift-NEAT",2459461.5,0.4261,3.791,6.06,358.82,1.79,213.72,2.7e+03
"   55P/Tempel-Tuttle",2451040.5,0.9056,10.34,162.49,235.27,172.50,4.98,1.21e+04
"   56P/Slaughter-Burnham",2456516.5,0.5073,5.086,8.15,346.04,44.22,267.96,4.19e+03
"   57P/duToit-Neujmin-Delporte",2458180.5,0.4998,3.45,2.85,188.81,115.13,156.19,2.34e+03
"   58P/Jackson-Neujmin",2452996.5,0.6605,4.09,13.46,160.61,200.44,357.74,3.02e+03
"   59P/Kearns-Kwee",2456600.5,0.4764,4.491,9.34,312.86,127.75,176.09,3.48e+03
"   60P/Tsuchinshan 2",2458393.5,0.5378,3.51,3.61,267.58,216.55,349.48,2.4e+03
"   61P/Shajn-Schaldach",2459852.5,0.4242,3.692,6.00,162.97,221.66,356.69,2.59e+03
"   62P/Tsuchinshan 1",2458054.5,0.5975,3.438,9.71,90.24,30.35,357.04,2.33e+03
"   63P/Wild 1",2457565.5,0.6510,5.596,19.78,357.97,169.14,87.26,4.83e+03
"   64P/Swift-Gehrels",2458096.5,0.6873,4.456,8.95,300.00,97.14,325.43,3.44e+03
"   65P/Gunn",2459091.5,0.2498,3.884,9.18,62.02,213.81,134.81,2.8e+03
"   66P/du Toit",2456961.5,0.7866,6.023,18.67,22.00,257.34,273.48,5.4e+03
"   67P/Churyumov-Gerasimenko",2457305.5,0.6409,3.462,7.04,50.14,12.80,8.86,2.35e+03
"   68P/Klemola",2457453.5,0.6403,4.899,11.18,175.30,153.84,237.68,3.96e+03
"   69P/Taylor",2457557.5,0.4136,3.889,22.04,104.85,343.67,231.04,2.8e+03
"   70P/Kojima",2457156.5,0.4539,3.674,6.60,119.27,1.95,28.73,2.57e+03
"   71P/Clark",2458635.5,0.4945,3.139,9.44,59.44,208.97,124.18,2.03e+03
"   72P/Denning-Fujikawa",2457286.5,0.8205,4.347,9.23,35.44,338.47,47.38,3.31e+03
"   73P/Schwassmann-Wachmann 3",2459127.5,0.6857,3.093,11.23,69.64,199.45,235.06,1.99e+03
"   74P/Smirnova-Chernykh",2456322.5,0.1479,4.165,6.65,77.08,86.56,148.79,3.1e+03
"   75D/Kohoutek",2449520.5,0.4963,3.543,5.91,269.69,175.80,358.09,2.44e+03
"   76P/West-Kohoutek-Ikemura",2456259.5,0.5389,3.47,30.48,84.12,0.07,335.49,2.36e+03
"   77P/Longmore",2456693.5,0.3542,3.613,24.34,14.89,196.95,240.95,2.51e+03
"   78P/Gehrels 2",2457466.5,0.4611,3.738,6.25,210.56,192.73,208.57,2.64e+03
"   79P/du Toit-Hartley",2454391.5,0.5941,3.031,2.89,307.84,253.27,318.28,1.93e+03
"   80P/Peters-Hartley",2457856.5,0.5994,4.023,29.93,259.84,339.17,108.05,2.95e+03
"   81P/Wild 2",2458808.5,0.5374,3.45,3.24,136.11,41.73,187.60,2.34e+03
"   82P/Gehrels 3",2452484.5,0.1233,4.135,1.13,239.59,227.50,38.99,3.07e+03
"   83D/Russell 1",2446240.5,0.5172,3.338,22.66,230.84,0.38,358.19,2.23e+03
"   84P/Giclas",2458413.5,0.5159,3.565,7.51,108.34,280.96,273.64,2.46e+03
"   85D/Boethin",2454252.5,0.7812,5.185,4.30,359.40,37.62,313.19,4.31e+03
"   86P/Wild 3",2457683.5,0.3722,3.605,15.47,72.39,179.19,81.70,2.5e+03
"   87P/Bus",2457467.5,0.3893,3.441,2.60,181.89,24.76,126.79,2.33e+03
"   88P/Howell",2459011.5,0.5643,3.106,4.38,56.69,235.92,340.62,2e+03
"   89P/Russell 2",2458318.5,0.4084,3.753,12.08,41.44,250.18,78.77,2.66e+03
"   90P/Gehrels 1",2457800.5,0.5098,6.069,9.64,13.25,29.27,351.87,5.46e+03
"   91P/Russell 3",2454575.5,0.3302,3.89,14.09,247.90,354.87,131.90,2.8e+03
"   92P/Sanguin",2452982.5,0.6631,5.367,18.76,182.34,163.06,35.04,4.54e+03
"   93P/Lovas 1",2455367.5,0.6125,4.39,12.22,339.91,74.61,98.07,3.36e+03
"   94P/Russell 4",2456781.5,0.3641,3.511,6.18,70.90,92.69,224.01,2.4e+03
"   96P/Machholz 1",2457961.5,0.9592,3.035,58.14,94.25,14.79,342.67,1.93e+03
"   97P/Metcalf-Brewington",2457856.5,0.4569,4.8,17.86,185.17,228.22,193.67,3.84e+03
"   98P/Takamizawa",2455915.5,0.5606,3.806,10.55,114.75,157.95,281.08,2.71e+03
"   99P/Kowal 1",2457020.5,0.2297,6.135,4.34,28.18,174.19,187.64,5.55e+03
"  100P/Hartley 1",2457114.5,0.4138,3.428,25.58,37.76,181.87,303.15,2.32e+03
"  101P/Chernykh",2456943.5,0.5977,5.782,5.03,116.59,277.43,224.40,5.08e+03
"  102P/Shoemaker 1",2456078.5,0.4732,3.737,26.24,339.87,18.74,297.48,2.64e+03
"  103P/Hartley 2",2457152.5,0.6936,3.476,13.60,219.74,181.32,251.78,2.37e+03
"  104P/Kowal 2",2459486.5,0.6655,3.208,5.70,207.21,227.25,342.05,2.1e+03
"  105P/Singer Brewster",2456550.5,0.4091,3.469,9.17,192.41,46.61,86.48,2.36e+03
"  106P/Schuster",2457493.5,0.5895,3.754,20.20,50.33,355.98,86.00,2.66e+03
"  108P/Ciffreo",2458257.5,0.5810,3.642,13.98,52.40,356.86,184.02,2.54e+03
"  109P/Swift-Tuttle",2450000.5,0.9632,26.09,113.45,139.38,152.98,7.63,4.87e+04
"  110P/Hartley 3",2458260.5,0.3163,3.604,11.70,287.53,167.39,180.37,2.5e+03
"  111P/Helin-Roman-Crockett",2456320.5,0.1096,4.16,4.23,89.79,3.38,359.69,3.1e+03
"  112P/Urata-Niijima",2456346.5,0.5880,3.533,24.20,31.93,21.45,341.99,2.43e+03
"  113P/Spitaler",2457229.5,0.4245,3.682,5.78,14.39,50.03,13.01,2.58e+03
"  114P/Wiseman-Skiff",2458282.5,0.5545,3.545,18.27,271.06,172.84,274.33,2.44e+03
"  115P/Maury",2456992.5,0.5183,4.271,11.67,176.08,121.11,128.74,3.22e+03
"  116P/Wild 4",2457494.5,0.3723,3.484,3.61,20.99,173.31,14.47,2.38e+03
"  117P/Helin-Roman-Alu 1",2456714.5,0.2538,4.096,8.70,58.90,222.69,356.53,3.03e+03
"  118P/Shoemaker-Levy 4",2459388.5,0.4551,3.361,10.09,142.11,314.44,277.14,2.25e+03
"  119P/Parker-Hartley",2457254.5,0.2959,4.295,5.18,243.68,181.86,55.70,3.25e+03
"  120P/Mueller 1",2454349.5,0.3365,4.136,8.79,4.44,30.01,125.57,3.07e+03
"  121P/Shoemaker-Holt 2",2454700.5,0.2040,4.519,20.73,95.96,18.02,167.89,3.51e+03
"  122P/de Vico",2450280.5,0.9627,17.68,85.38,79.62,13.00,3.77,2.72e+04
"  123P/West-Hartley",2457778.5,0.4491,3.86,15.36,46.50,102.98,263.72,2.77e+03
"  124P/Mrkos",2457467.5,0.5040,3.318,31.53,0.40,183.77,115.81,2.21e+03
"  125P/Spacewatch",2457245.5,0.5127,3.126,9.99,153.20,87.15,161.39,2.02e+03
"  126P/IRAS",2459361.5,0.6963,5.64,45.87,357.86,356.52,303.39,4.89e+03
"  127P/Holt-Olmstead",2457276.5,0.3607,3.451,14.30,13.65,6.71,330.96,2.34e+03
"  128P/Shoemaker-Holt 1",2457435.5,0.3215,4.503,4.36,214.29,210.58,326.09,3.49e+03
"  129P/Shoemaker-Levy 3",2456480.5,0.0906,4.304,3.43,185.16,309.13,335.92,3.26e+03
"  130P/McNaught-Hughes",2458178.5,0.4608,3.382,6.07,70.26,245.91,6.06,2.27e+03
"  131P/Mueller 2",2456495.5,0.3432,3.679,7.36,214.20,179.28,78.57,2.58e+03
"  132P/Helin-Roman-Alu 2",2459491.5,0.5647,3.886,5.38,174.00,216.35,354.84,2.8e+03
"  134P/Kowal-Vavrova",2456476.5,0.5872,6.229,4.35,202.12,18.56,339.56,5.68e+03
"  135P/Shoemaker-Levy 8",2450500.5,0.2902,3.828,6.05,213.36,22.70,225.43,2.74e+03
"  136P/Mueller 3",2457898.5,0.2911,4.202,9.42,137.45,225.11,41.09,3.15e+03
"  137P/Shoemaker-Levy 2",2457388.5,0.5720,4.518,4.85,233.07,140.98,249.35,3.51e+03
"  138P/Shoemaker-Levy 7",2455109.5,0.5298,3.624,10.08,309.44,95.55,219.80,2.52e+03
"  139P/Vaisala-Oterma",2455799.5,0.2476,4.524,2.33,242.33,165.88,125.14,3.51e+03
"  140P/Bowell-Skiff",2451320.5,0.6918,6.397,3.84,343.46,173.09,0.44,5.91e+03
"  141P/Machholz 2",2458696.5,0.7367,3.055,13.98,241.88,153.62,267.16,1.95e+03
"  142P/Ge-Wang",2455672.5,0.4991,4.966,12.31,176.52,175.63,29.02,4.04e+03
"  143P/Kowal-Mrkos",2457483.5,0.4099,4.294,4.69,245.31,320.84,275.56,3.25e+03
"  144P/Kushida",2459962.5,0.6351,3.829,3.93,242.98,216.35,310.97,2.74e+03
"  145P/Shoemaker-Levy 5",2458777.5,0.5407,4.142,11.26,26.80,10.29,91.24,3.08e+03
"  146P/Shoemaker-LINEAR",2459676.5,0.6473,4.031,23.11,53.38,316.99,256.31,2.96e+03
"  147P/Kushida-Muramatsu",2453673.5,0.2756,3.802,2.37,93.77,347.03,219.12,2.71e+03
"  148P/Anderson-LINEAR",2456236.5,0.5393,3.678,3.68,89.79,6.60,227.15,2.58e+03
"  149P/Mueller 4",2456417.5,0.3883,4.326,29.75,145.26,43.57,128.28,3.29e+03
"  150P/LONEOS",2458754.5,0.5465,3.88,18.51,272.41,245.61,149.67,2.79e+03
"  151P/Helin",2455249.5,0.5709,5.807,4.73,143.55,215.53,215.44,5.11e+03
"  152P/Helin-Lawrence",2457062.5,0.3072,4.493,9.87,91.90,163.59,97.86,3.48e+03
"  153P/Ikeya-Zhang",2452402.5,0.9901,51.12,28.12,93.37,34.67,0.13,1.33e+05
"  154P/Brewington",2457139.5,0.6720,4.882,17.89,343.43,48.91,45.70,3.94e+03
"  155P/Shoemaker 3",2455702.5,0.7261,6.594,6.40,97.28,14.60,179.61,6.19e+03
"  156P/Russell-LINEAR",2458929.5,0.6149,3.462,17.26,35.40,0.38,323.00,2.35e+03
"  157P/Tritton",2458876.5,0.6275,3.368,11.18,289.43,157.44,213.80,2.26e+03
"  158P/Kowal-LINEAR",2456120.5,0.0306,4.721,7.91,137.31,232.61,352.78,3.75e+03
"  159P/LONEOS",2457137.5,0.3821,5.86,23.46,55.06,4.87,281.89,5.18e+03
"  160P/LINEAR",2456189.5,0.4791,3.967,17.28,337.00,18.20,0.06,2.89e+03
"  161P/Hartley-IRAS",2455311.5,0.8352,7.72,95.87,1.47,47.04,81.26,7.83e+03
"  162P/Siding Spring",2455558.5,0.5961,3.053,27.82,31.24,356.33,54.41,1.95e+03
"  163P/NEAT",2454059.5,0.4760,3.68,12.50,103.35,348.05,91.67,2.58e+03
"  164P/Christensen",2458360.5,0.5397,3.661,16.25,88.31,325.93,12.75,2.56e+03
"  165P/LINEAR",2452114.5,0.6216,18.05,15.91,0.64,126.21,5.18,2.8e+04
"  166P/NEAT",2452819.5,0.3831,13.88,15.37,64.49,321.88,7.70,1.89e+04
"  167P/CINEOS",2453092.5,0.2700,16.14,19.13,295.84,343.65,16.46,2.37e+04
"  168P/Hergenrother",2455839.5,0.6095,3.624,21.93,356.48,13.92,308.15,2.52e+03
"  169P/NEAT",2457945.5,0.7679,2.603,11.30,176.10,218.05,291.32,1.53e+03
"  170P/Christensen",2459721.5,0.3042,4.201,10.12,142.92,225.53,321.85,3.15e+03
"  171P/Spahr",2458232.5,0.5019,3.558,21.93,101.70,347.16,321.13,2.45e+03
"  172P/Yeung",2456502.5,0.2229,4.18,11.30,33.48,208.81,207.62,3.12e+03
"  173P/Mueller 5",2455978.5,0.2614,5.691,16.51,100.50,29.39,99.91,4.96e+03
"  175P/Hergenrother",2455983.5,0.4327,3.436,6.07,123.69,55.63,290.06,2.33e+03
"  177P/Barnard",2453849.5,0.9544,24.3,31.22,272.07,60.45,358.96,4.38e+04
"  178P/Hug-Bell",2458099.5,0.4787,3.651,11.01,103.09,296.95,225.97,2.55e+03
"  179P/Jedicke",2456975.5,0.3070,5.937,19.86,115.62,296.30,172.84,5.28e+03
"  180P/NEAT",2457502.5,0.3549,3.858,16.87,84.57,94.86,17.34,2.77e+03
"  181P/Shoemaker-Levy 6",2456908.5,0.7073,3.839,16.98,37.68,333.80,11.75,2.75e+03
"  182P/LONEOS",2453294.5,0.6663,2.931,16.91,75.10,51.44,194.47,1.83e+03
"  183P/Korlevic-Juric",2456186.5,0.1352,4.494,18.74,5.84,160.82,165.24,3.48e+03
"  184P/Lovas 2",2456460.5,0.6043,3.522,1.55,277.74,78.06,353.82,2.41e+03
"  185P/Petriew",2457129.5,0.6988,3.1,14.00,214.10,181.94,176.38,1.99e+03
"  186P/Garradd",2455776.5,0.1268,4.95,28.54,327.58,287.34,103.91,4.02e+03
"  187P/LINEAR",2455601.5,0.1732,4.494,13.66,111.74,134.74,86.86,3.48e+03
"  188P/LINEAR-Mueller",2455937.5,0.4164,4.378,10.54,359.12,26.67,159.82,3.35e+03
"  189P/NEAT",2454804.5,0.5976,2.918,20.40,282.20,15.31,98.30,1.82e+03
"  190P/Mueller",2457640.5,0.5207,4.242,2.17,335.55,50.42,17.39,3.19e+03
"  191P/McNaught",2455252.5,0.4207,3.533,8.76,106.50,274.21,132.91,2.43e+03
"  192P/Shoemaker-Levy 1",2456888.5,0.7720,6.476,24.54,51.59,313.08,145.92,6.02e+03
"  193P/LINEAR-NEAT",2457214.5,0.3942,3.575,10.69,335.19,8.44,33.29,2.47e+03
"  194P/LINEAR",2455839.5,0.5743,4.006,11.12,352.05,130.54,161.90,2.93e+03
"  195P/Hill",2458931.5,0.3133,6.497,36.34,243.10,249.51,243.64,6.05e+03
"  196P/Tichy",2457154.5,0.4344,3.775,19.38,24.26,11.95,355.45,2.68e+03
"  197P/LINEAR",2454004.5,0.6299,2.867,25.56,66.40,188.75,238.00,1.77e+03
"  198P/ODAS",2452729.5,0.4477,3.583,1.35,358.74,69.06,248.98,2.48e+03
"  199P/Shoemaker 4",2455678.5,0.5075,5.948,24.76,92.62,191.83,50.89,5.3e+03
"  200P/Larsen",2454471.5,0.3332,4.908,12.12,234.82,133.69,338.97,3.97e+03
"  201P/LONEOS",2456055.5,0.6129,3.461,7.04,35.29,24.95,209.80,2.35e+03
"  202P/Scotti",2454417.5,0.3304,3.774,2.19,194.59,255.59,299.21,2.68e+03
"  203P/Korlevic",2455961.5,0.3160,4.654,2.97,290.52,154.73,71.17,3.67e+03
"  204P/LINEAR-NEAT",2456989.5,0.4722,3.656,6.59,109.07,355.05,306.64,2.55e+03
"  205P/Giacobini",2456707.5,0.5669,3.547,15.29,179.62,154.26,293.76,2.44e+03
"  206P/Barnard-Boattini",2453922.5,0.6485,3.234,33.20,204.38,181.36,217.44,2.12e+03
"  207P/NEAT",2459478.5,0.7591,3.872,10.19,198.34,273.00,248.36,2.78e+03
"  208P/McMillan",2456888.5,0.3720,4.05,4.41,36.43,310.60,277.39,2.98e+03
"  209P/LINEAR",2456087.5,0.6814,2.95,21.34,62.87,152.63,225.58,1.85e+03
"  210P/Christensen",2460581.5,0.8341,3.162,10.29,93.80,345.93,286.24,2.05e+03
"  211P/Hill",2456736.5,0.3392,3.559,18.89,117.27,4.34,260.47,2.45e+03
"  212P/NEAT",2455565.5,0.5790,3.924,22.41,98.91,14.98,96.58,2.84e+03
"  213P/Van Ness",2458161.5,0.4076,3.348,10.38,311.32,5.56,22.63,2.24e+03
"  214P/LINEAR",2452790.5,0.4896,3.604,15.23,348.31,190.16,65.67,2.5e+03
"  215P/NEAT",2457414.5,0.1950,4.348,10.06,61.16,255.41,213.74,3.31e+03
"  216P/LINEAR",2457873.5,0.4455,3.875,9.05,359.87,151.51,43.16,2.79e+03
"  217P/LINEAR",2456311.5,0.6888,3.95,12.86,125.54,246.94,154.24,2.87e+03
"  218P/LINEAR",2458035.5,0.6220,3.096,2.73,176.03,59.67,162.71,1.99e+03
"  219P/LINEAR",2456827.5,0.3520,3.65,11.53,231.03,107.48,221.75,2.55e+03
"  220P/McNaught",2459594.5,0.5017,3.116,8.13,150.10,180.56,71.73,2.01e+03
"  221P/LINEAR",2455781.5,0.4876,3.473,11.43,229.99,39.51,140.94,2.36e+03
"  222P/LINEAR",2454620.5,0.7268,2.857,5.15,7.13,345.43,267.12,1.76e+03
"  223P/Skiff",2455873.5,0.4164,4.148,27.05,346.83,37.87,52.56,3.09e+03
"  224P/LINEAR-NEAT",2453813.5,0.4373,3.37,14.87,43.27,10.94,144.29,2.26e+03
"  225P/LINEAR",2458849.5,0.6374,3.651,21.34,14.18,3.88,174.10,2.55e+03
"  226P/Pigott-LINEAR-Kowalski",2458566.5,0.5282,3.769,44.00,54.01,341.10,125.36,2.67e+03
"  227P/Catalina-LINEAR",2459300.5,0.5104,3.559,6.51,48.59,90.86,200.85,2.45e+03
"  228P/LINEAR",2455682.5,0.1770,4.168,7.92,31.07,114.80,346.69,3.11e+03
"  229P/Gibbs",2457310.5,0.3761,3.934,26.07,157.91,224.22,286.25,2.85e+03
"  230P/LINEAR",2457211.5,0.5631,3.4,14.65,112.40,308.91,339.08,2.29e+03
"  231P/LINEAR-NEAT",2456088.5,0.2468,4.026,12.33,133.08,42.43,47.65,2.95e+03
"  232P/Hill",2455471.5,0.3349,4.485,14.64,56.13,53.42,37.93,3.47e+03
"  233P/La Sagra",2458093.5,0.4113,3.03,11.28,74.93,27.13,167.24,1.93e+03
"  234P/LINEAR",2456045.5,0.2508,3.815,11.52,179.72,358.13,113.41,2.72e+03
"  235P/LINEAR",2460374.5,0.4295,3.466,9.94,200.84,350.91,260.15,2.36e+03
"  236P/LINEAR",2455965.5,0.5086,3.728,16.33,245.66,119.34,70.83,2.63e+03
"  237P/LINEAR",2459557.5,0.4344,3.512,14.01,245.38,25.24,281.90,2.4e+03
"  238P/Read",2459837.5,0.2517,3.166,1.26,51.63,324.21,17.77,2.06e+03
"  239P/LINEAR",2457665.5,0.6314,4.47,11.31,255.94,220.38,273.66,3.45e+03
"  240P/NEAT",2460507.5,0.4503,3.861,23.54,74.91,352.03,292.21,2.77e+03
"  241P/LINEAR",2457040.5,0.6099,4.954,20.87,305.81,110.53,147.11,4.03e+03
"  242P/Spahr",2458917.5,0.2779,5.476,32.48,180.50,246.29,224.34,4.68e+03
"  243P/NEAT",2456020.5,0.3591,3.831,7.64,87.67,283.77,52.23,2.74e+03
"  244P/Scotti",2456714.5,0.1986,4.892,2.26,354.13,92.75,69.86,3.95e+03
"  245P/WISE",2456584.5,0.4661,4.007,21.20,316.98,317.37,166.90,2.93e+03
"  246P/NEAT",2456433.5,0.2850,4.028,15.97,78.78,176.17,13.70,2.95e+03
"  247P/LINEAR",2455813.5,0.6256,3.965,13.68,54.12,47.34,30.94,2.88e+03
"  248P/Gibbs",2457566.5,0.6383,5.988,6.35,207.78,210.16,132.43,5.35e+03
"  249P/LINEAR",2456863.5,0.8187,2.77,8.40,239.85,64.81,255.31,1.68e+03
"  250P/Larson",2457258.5,0.4074,3.733,13.29,73.71,45.03,238.00,2.63e+03
"  251P/LINEAR",2454201.5,0.5098,3.492,23.51,219.55,30.91,154.96,2.38e+03
"  252P/LINEAR",2457552.5,0.6731,3.047,10.42,190.95,343.31,16.63,1.94e+03
"  253P/PANSTARRS",2458607.5,0.4130,3.469,4.94,146.88,230.71,55.11,2.36e+03
"  254P/McNaught",2459068.5,0.3203,4.615,32.57,129.17,219.47,354.67,3.62e+03
"  255P/Levy",2454456.5,0.6720,3.025,18.33,279.78,179.59,82.56,1.92e+03
"  256P/LINEAR",2457065.5,0.4194,4.631,27.63,81.44,124.12,68.87,3.64e+03
"  257P/Catalina",2457015.5,0.4324,3.754,20.24,207.85,117.88,76.93,2.66e+03
"  258P/PANSTARRS",2457540.5,0.2104,4.405,6.75,126.29,26.01,202.41,3.38e+03
"  259P/Garradd",2456070.5,0.3411,2.728,15.90,51.96,256.56,305.88,1.65e+03
"  260P/McNaught",2457307.5,0.5959,3.67,15.80,351.86,15.43,157.58,2.57e+03
"  261P/Larson",2457671.5,0.4187,3.524,6.05,294.23,62.73,213.99,2.42e+03
"  262P/McNaught-Russell",2455919.5,0.8154,6.935,29.08,218.01,171.17,341.30,6.67e+03
"  263P/Gibbs",2458413.5,0.5878,3.06,11.54,105.81,34.57,71.27,1.96e+03
"  264P/Larsen",2453699.5,0.3737,3.893,25.15,220.97,346.62,79.77,2.81e+03
"  265P/LINEAR",2452926.5,0.6460,4.253,14.69,344.71,32.72,4.29,3.2e+03
"  266P/Christensen",2457931.5,0.3396,3.532,3.43,5.00,98.01,207.38,2.42e+03
"  267P/LONEOS",2454368.5,0.5934,3.29,5.37,245.25,96.86,63.94,2.18e+03
"  268P/Bernardi",2457631.5,0.4698,4.562,16.10,127.63,0.31,49.78,3.56e+03
"  269P/Jedicke",2455142.5,0.4347,7.212,6.61,248.99,223.92,266.12,7.07e+03
"  270P/Gehrels",2454667.5,0.4676,6.752,2.86,225.68,211.48,257.50,6.41e+03
"  271P/van Houten-Lemmon",2456196.5,0.3907,6.974,6.86,9.59,35.09,344.88,6.73e+03
"  272P/NEAT",2455296.5,0.4565,4.446,18.19,111.52,26.20,248.90,3.42e+03
"  273P/Pons-Gambart",2456369.5,0.9753,32.83,136.40,320.43,20.19,0.46,6.87e+04
"  274P/Tombaugh-Tenagra",2457357.5,0.4397,4.364,15.83,81.37,38.59,109.23,3.33e+03
"  275P/Hermann",2453091.5,0.7139,5.765,21.57,349.27,173.14,132.59,5.06e+03
"  276P/Vorobjov",2459976.5,0.2681,5.326,14.81,211.35,199.48,305.41,4.49e+03
"  277P/LINEAR",2457647.5,0.5038,3.858,16.75,276.35,152.18,155.99,2.77e+03
"  278P/McNaught",2457181.5,0.4334,3.7,6.68,15.49,237.92,93.43,2.6e+03
"  279P/La Sagra",2456226.5,0.3979,3.575,5.05,346.28,6.02,162.13,2.47e+03
"  280P/Larsen",2455021.5,0.4177,4.513,11.78,131.49,104.86,193.85,3.5e+03
"  281P/MOSS",2455778.5,0.1734,4.856,4.72,87.17,26.42,334.08,3.91e+03
"  283P/Spacewatch",2455999.5,0.4857,4.134,14.46,161.25,22.00,314.28,3.07e+03
"  284P/McNaught",2458321.5,0.3757,3.673,11.86,144.29,202.77,198.92,2.57e+03
"  285P/LINEAR",2458908.5,0.6179,4.509,25.02,185.48,178.40,252.03,3.5e+03
"  286P/Christensen",2458231.5,0.4242,4.115,17.04,283.95,24.69,185.10,3.05e+03
"  287P/Christensen",2459211.5,0.2710,4.168,16.32,139.05,188.87,253.51,3.11e+03
"  289P/Blanpain",2458745.5,0.6851,3.045,5.90,68.92,9.85,342.75,1.94e+03
"  290P/Jager",2455287.5,0.6470,6.103,19.07,303.49,180.92,265.62,5.51e+03
"  291P/NEAT",2456222.5,0.4305,4.55,5.96,241.04,176.03,317.42,3.55e+03
"  292P/Li",2454955.5,0.5868,6.135,24.32,91.86,318.85,247.18,5.55e+03
"  293P/Spacewatch",2456659.5,0.4197,3.639,9.06,78.44,41.15,358.82,2.54e+03
"  294P/LINEAR",2456228.5,0.5952,3.203,18.21,312.81,235.35,275.58,2.09e+03
"  295P/LINEAR",2455127.5,0.6149,5.346,21.10,7.69,73.26,227.11,4.51e+03
"  296P/Garradd",2456859.5,0.4773,3.503,25.20,263.68,350.03,21.31,2.39e+03
"  297P/Beshore",2454890.5,0.3086,3.484,10.26,98.29,131.82,52.13,2.38e+03
"  298P/Christensen",2454341.5,0.4125,3.49,8.02,57.12,95.62,26.71,2.38e+03
"  299P/Catalina-PANSTARRS",2459336.5,0.2815,4.385,10.47,271.63,323.89,242.49,3.35e+03
"  300P/Catalina",2458122.5,0.6916,2.699,5.68,95.69,222.87,292.86,1.62e+03
"  301P/LINEAR-NEAT",2452675.5,0.5874,5.687,10.62,355.78,189.40,53.44,4.95e+03
"  302P/Lemmon-PANSTARRS",2460174.5,0.2301,4.272,6.03,121.72,208.54,296.49,3.22e+03
"  303P/NEAT",2455298.5,0.5104,5.073,7.04,348.20,356.71,218.35,4.17e+03
"  304P/Ory",2455772.5,0.5742,3.244,2.76,60.68,329.66,170.93,2.13e+03
"  305P/Skiff",2458657.5,0.6923,4.646,11.64,240.15,147.27,165.44,3.66e+03
"  306P/LINEAR",2454744.5,0.5985,3.105,8.37,341.49,0.69,338.92,2e+03
"  307P/LINEAR",2456366.5,0.6747,5.807,4.42,158.12,222.11,314.56,5.11e+03
"  308P/Lagerkvist-Carsenty",2454233.5,0.3622,6.675,4.84,63.14,333.65,192.95,6.3e+03
"  309P/LINEAR",2455893.5,0.6080,4.447,17.67,11.45,50.80,236.37,3.43e+03
"  310P/Hill",2457761.5,0.4260,4.162,13.19,8.96,31.66,73.13,3.1e+03
"  311P/PANSTARRS",2458046.5,0.1156,2.189,4.97,279.26,143.98,30.86,1.18e+03
"  312P/NEAT",2457970.5,0.4301,3.459,19.79,144.89,207.69,184.32,2.35e+03
"  313P/Gibbs",2458178.5,0.2377,3.165,10.95,106.20,254.06,224.67,2.06e+03
"  314P/Montani",2455855.5,0.4160,7.275,3.98,267.70,213.41,268.90,7.17e+03
"  315P/LONEOS",2456214.5,0.5164,5.023,17.91,69.60,66.95,227.33,4.11e+03
"  316P/LONEOS-Christensen",2454347.5,0.1664,4.327,9.88,246.93,191.67,32.96,3.29e+03
"  317P/WISE",2456433.5,0.5802,2.957,11.96,275.69,334.74,203.07,1.86e+03
"  318P/McNaught-Hartley",2456030.5,0.6752,7.53,17.89,35.75,313.18,298.66,7.55e+03
"  319P/Catalina-McNaught",2456569.5,0.6650,3.573,15.07,111.37,203.68,267.20,2.47e+03
"  320P/McNaught",2456301.5,0.6825,3.102,4.90,295.96,0.62,190.08,2e+03
"  321P/SOHO",2453458.5,0.9807,2.427,19.74,165.27,172.41,28.99,1.38e+03
"  322P/SOHO",2457179.5,0.9787,2.516,12.59,359.52,49.05,337.76,1.46e+03
"  323P/SOHO",2459276.5,0.9848,2.582,5.37,324.23,353.17,10.54,1.52e+03
"  324P/La Sagra",2456336.5,0.1538,3.094,21.42,270.65,58.88,175.01,1.99e+03
"  325P/Yang-Gao",2455978.5,0.6243,3.406,16.33,258.85,347.00,157.54,2.3e+03
"  326P/Hill",2457793.5,0.3169,4.069,2.47,99.81,278.79,57.10,3e+03
"  327P/Van Ness",2459118.5,0.5628,3.563,36.25,173.97,185.02,256.44,2.46e+03
"  328P/LONEOS-Tucker",2457124.5,0.5513,4.204,17.65,341.60,30.62,330.71,3.15e+03
"  329P/LINEAR-Catalina",2456426.5,0.6801,5.189,21.47,88.79,342.31,282.02,4.32e+03
"  330P/Catalina",2455624.5,0.5493,6.59,15.55,294.34,186.72,243.01,6.18e+03
"  331P/Gibbs",2456979.5,0.0414,3.005,9.74,216.84,178.12,320.22,1.9e+03
"  332P/Ikeya-Murakami",2455520.5,0.4886,3.087,9.38,3.82,152.43,6.84,1.98e+03
"  333P/LINEAR",2458936.5,0.7362,4.22,131.97,115.62,26.07,165.54,3.17e+03
"  334P/NEAT",2455489.5,0.3545,6.488,19.06,92.78,81.09,216.67,6.04e+03
"  335P/Gibbs",2455332.5,0.5435,3.588,7.28,330.89,162.30,69.42,2.48e+03
"  336P/McNaught",2454677.5,0.4529,4.813,18.56,299.24,313.96,66.43,3.86e+03
"  337P/WISE",2458351.5,0.4969,3.288,15.37,106.08,160.92,127.05,2.18e+03
"  338P/McNaught",2458163.5,0.4103,3.903,25.35,9.81,4.51,57.39,2.82e+03
"  339P/Gibbs",2455339.5,0.6398,3.676,5.75,172.78,27.16,46.28,2.57e+03
"  340P/Boattini",2455510.5,0.2809,4.237,2.08,291.83,36.02,111.53,3.19e+03
"  341P/Gibbs",2456322.5,0.4144,4.293,3.80,30.07,312.39,225.62,3.25e+03
"  342P/SOHO",2457600.5,0.9826,3.043,13.27,43.40,58.70,5.45,1.94e+03
"  343P/NEAT-LONEOS",2456580.5,0.5842,5.475,5.58,257.27,137.58,267.65,4.68e+03
"  344P/Read",2455618.5,0.4221,4.887,3.48,273.28,140.39,170.78,3.95e+03
"  345P/LINEAR",2457623.5,0.2195,4.046,2.72,154.52,196.47,4.67,2.97e+03
"  346P/Catalina",2455855.5,0.5041,4.482,22.17,102.56,335.76,158.13,3.47e+03
"  347P/PANSTARRS",2458651.5,0.3847,3.609,11.75,261.05,98.30,145.01,2.5e+03
"  348P/PANSTARRS",2458355.5,0.3021,3.169,17.58,313.39,134.35,138.45,2.06e+03
"  349P/Lemmon",2458923.5,0.2997,3.571,5.49,331.76,256.03,136.05,2.47e+03
"  350P/McNaught",2459913.5,0.0933,4.085,7.36,65.29,139.62,216.47,3.02e+03
"  351P/Wiegert-PANSTARRS",2460228.5,0.2949,4.44,12.78,283.40,352.65,303.89,3.42e+03
"  352P/Skiff",2456228.5,0.6177,6.598,21.06,28.14,309.35,261.31,6.19e+03
"  353P/McNaught",2457179.5,0.4686,4.168,28.41,121.58,230.42,252.33,3.11e+03
"  354P/LINEAR",2456701.5,0.1250,2.29,5.26,320.24,132.73,75.96,1.27e+03
"  355P/LINEAR-NEAT",2455667.5,0.5081,3.472,11.04,51.44,336.40,358.69,2.36e+03
"  356P/WISE",2458320.5,0.3541,4.164,9.63,160.80,226.15,25.05,3.1e+03
"  357P/Hill",2455210.5,0.4355,4.45,6.33,44.67,1.30,40.52,3.43e+03
"  358P/PANSTARRS",2459793.5,0.2389,3.147,11.06,85.70,299.77,277.68,2.04e+03
"  359P/LONEOS",2457128.5,0.3225,4.631,10.26,149.81,200.25,275.14,3.64e+03
"  360P/WISE",2458323.5,0.4979,3.705,24.08,2.23,354.14,46.93,2.61e+03
"  361P/Spacewatch",2458012.5,0.4379,4.946,13.88,203.28,219.24,334.05,4.02e+03
"  363P/Lemmon",2457290.5,0.5575,3.405,3.97,169.92,315.27,217.33,2.3e+03
"  364P/PANSTARRS",2458898.5,0.7226,2.878,12.15,46.22,211.97,122.02,1.78e+03
"  365P/PANSTARRS",2458101.5,0.5733,3.186,9.84,87.44,66.40,349.81,2.08e+03
"  366P/Spacewatch",2455320.5,0.3474,3.501,8.85,70.80,153.58,268.01,2.39e+03
"  367P/Catalina",2456029.5,0.2799,3.511,8.46,58.74,173.48,20.10,2.4e+03
"  368P/NEAT",2456083.5,0.6285,5.504,15.45,258.17,118.81,185.41,4.72e+03
"  369P/Hill",2457084.5,0.5546,4.385,10.32,47.37,13.33,218.12,3.35e+03
"  370P/NEAT",2454038.5,0.6122,6.459,19.37,55.27,356.83,104.46,6e+03
"  371P/LINEAR-Skiff",2454648.5,0.4780,4.164,17.41,67.41,308.64,286.47,3.1e+03
"  372P/McNaught",2454936.5,0.1535,4.494,9.52,325.86,27.46,359.32,3.48e+03
"  373P/Rinner",2456703.5,0.3937,3.802,13.77,232.02,221.22,110.52,2.71e+03
"  374P/Larson",2455703.5,0.4625,4.969,10.79,8.16,51.42,112.06,4.05e+03
"  375P/Hill",2457232.5,0.6600,5.567,17.37,359.97,119.43,266.89,4.8e+03
"  376P/LONEOS",2455465.5,0.5148,5.857,1.19,315.16,285.48,129.87,5.18e+03
"  377P/Scotti",2456842.5,0.2515,6.728,9.02,226.03,354.47,235.87,6.37e+03
"  378P/McNaught",2458985.5,0.4688,6.364,19.11,94.52,194.16,350.27,5.86e+03
"  379P/Spacewatch",2458253.5,0.3380,3.526,12.39,184.03,31.16,293.99,2.42e+03
"  380P/PANSTARRS",2458416.5,0.3264,4.528,8.23,133.11,90.06,336.99,3.52e+03
"  381P/LINEAR-Spacewatch",2457213.5,0.6795,7.123,28.46,174.11,172.54,280.01,6.94e+03
"  382P/Larson",2457067.5,0.2762,6.052,7.87,181.67,175.51,181.17,5.44e+03
"  383P/Christensen",2454529.5,0.6115,3.497,11.87,213.63,128.07,83.15,2.39e+03
"  384P/Kowalski",2458600.5,0.6154,2.903,7.28,354.24,37.62,326.64,1.81e+03
"  385P/Hill",2456253.5,0.4023,4.275,16.86,357.16,44.33,82.92,3.23e+03
"  386P/PANSTARRS",2457295.5,0.4178,4.052,15.24,134.98,353.35,144.49,2.98e+03
"  387P/Boattini",2457120.5,0.7360,4.799,8.90,259.36,162.78,208.93,3.84e+03
"  388P/Gibbs",2456851.5,0.6189,5.239,23.88,37.16,42.47,209.16,4.38e+03
"  389P/Siding Spring",2456604.5,0.7047,5.62,160.07,218.81,249.49,193.76,4.87e+03
"  390P/Gibbs",2457472.5,0.7058,5.81,18.52,152.72,231.74,257.25,5.12e+03
"  391P/Kowalski",2454788.5,0.1196,4.679,21.28,124.76,186.88,26.50,3.7e+03
"  392P/LINEAR",2454304.5,0.6825,6.156,4.94,25.11,72.00,59.60,5.58e+03
"  393P/Spacewatch-Hill",2455912.5,0.1196,4.774,16.81,36.41,328.59,88.32,3.81e+03
"  394P/PANSTARRS",2458009.5,0.3691,4.339,8.53,98.14,54.50,271.86,3.3e+03
"  395P/Catalina-NEAT",2459669.5,0.3821,6.579,3.28,223.55,89.97,5.29,6.16e+03
"  396P/Leonard",2458247.5,0.4178,6.842,5.43,136.66,8.68,333.72,6.54e+03
"  397P/Lemmon",2458013.5,0.4006,3.86,11.02,8.97,12.49,229.19,2.77e+03
"  398P/Boattini",2459166.5,0.5826,3.128,11.02,127.46,320.23,352.21,2.02e+03
"  399P/PANSTARRS",2458086.5,0.4420,3.811,13.35,207.56,213.32,191.19,2.72e+03
"  400P/PANSTARRS",2458906.5,0.4090,3.56,10.93,176.41,238.71,308.81,2.45e+03
"  401P/McNaught",2454728.5,0.5820,5.693,12.87,0.10,310.24,62.79,4.96e+03
"  402P/LINEAR",2456341.5,0.4388,6.979,30.89,123.13,326.98,188.03,6.73e+03
"  403P/CATALINA",2457066.5,0.5037,5.408,12.32,163.85,277.85,200.04,4.59e+03
"  404P/Bressi",2459821.5,0.1329,4.77,9.74,260.35,167.85,320.17,3.8e+03
"  405P/Lemmon",2458091.5,0.6891,3.607,9.37,3.31,112.29,199.34,2.5e+03
"  406P/Gibbs",2454965.5,0.5740,3.44,1.43,8.81,353.07,96.73,2.33e+03
"  407P/PANSTARRS-Fuls",2458778.5,0.3850,3.455,4.90,80.84,92.34,344.37,2.35e+03
"  408P/Novichonok-Gerke",2458949.5,0.2713,4.783,19.24,189.80,224.81,275.10,3.82e+03
"  409P/LONEOS-Hill",2456836.5,0.7107,6.053,17.14,143.78,15.04,200.92,5.44e+03
"  410P/NEAT-LINEAR",2459145.5,0.5100,6.627,9.39,139.98,313.11,345.92,6.23e+03
"  411P/Christensen",2456589.5,0.5820,5.807,12.39,77.82,46.67,173.68,5.11e+03
"  412P/WISE",2456599.5,0.4809,3.107,8.94,0.86,155.96,254.16,2e+03
"  413P/Larson",2458130.5,0.4238,3.714,15.98,39.06,185.90,183.15,2.61e+03
"  414P/STEREO",2459905.5,0.8117,2.794,23.39,257.79,210.71,140.52,1.71e+03
"  415P/Tenagra",2458426.5,0.1952,4.115,31.79,160.33,346.45,261.39,3.05e+03
"  416P/Scotti",2457363.5,0.4557,4.005,3.37,355.80,134.67,126.94,2.93e+03
"  417P/NEOWISE",2458510.5,0.5546,3.35,8.13,111.36,129.40,228.87,2.24e+03
"  418P/LINEAR",2455962.5,0.6637,5.102,5.78,277.86,306.89,56.18,4.21e+03
"  419P/PANSTARRS",2457915.5,0.2785,3.524,2.80,40.43,187.26,121.97,2.42e+03
"  420P/Hill",2456870.5,0.4943,5.513,14.46,174.03,157.61,141.51,4.73e+03
"  421P/McNaught",2455509.5,0.6754,5.08,10.09,55.68,259.90,36.66,4.18e+03
"  422P/Christensen",2456642.5,0.5061,6.262,39.59,36.09,305.99,173.56,5.72e+03
"  423P/Lemmon",2458898.5,0.1201,6.158,8.35,33.35,80.71,322.39,5.58e+03
"  424P/La Sagra",2457510.5,0.6928,4.401,8.64,51.62,312.45,144.60,3.37e+03
"  425P/Kowalski",2457960.5,0.5424,6.34,16.43,210.34,200.22,266.29,5.83e+03
"  426P/PANSTARRS",2458779.5,0.1608,3.187,17.77,280.52,119.40,113.21,2.08e+03
"  427P/ATLAS",2458079.5,0.3130,3.171,11.85,252.39,99.94,20.42,2.06e+03
"  428P/Gibbs",2457963.5,0.5190,3.483,8.51,299.32,36.94,149.70,2.37e+03
"  429P/LINEAR-Hill",2455363.5,0.5067,3.493,7.75,325.15,72.07,89.11,2.38e+03
"  430P/Scotti",2456799.5,0.4997,3.107,4.47,54.69,94.57,224.18,2e+03
"  431P/Scotti",2457972.5,0.4880,3.442,22.67,203.27,199.44,107.67,2.33e+03
"  432P/PANSTARRS",2459211.5,0.2425,3.037,10.07,239.21,105.38,314.18,1.93e+03
"  434P/Tenagra",2458395.5,0.2717,4.149,6.32,289.00,126.93,229.88,3.09e+03
"  435P/PANSTARRS",2458886.5,0.3189,3.018,18.89,98.56,244.33,259.02,1.91e+03
"  436P/Garradd",2455662.5,0.6718,5.862,20.21,87.40,283.07,89.67,5.18e+03
"  437P/Lemmon-PANSTARRS",2458025.5,0.2523,4.56,3.69,245.90,206.63,179.13,3.56e+03
"  438P/Christensen",2454687.5,0.4224,3.824,8.34,260.60,58.40,160.11,2.73e+03
"  439P/LINEAR",2455214.5,0.5098,3.359,6.96,59.10,337.65,57.49,2.25e+03
"  440P/Kobayashi",2456962.5,0.7611,8.566,12.38,329.03,183.29,253.76,9.16e+03
"  441P/PANSTARRS",2459792.5,0.1956,4.135,2.57,143.61,178.77,227.03,3.07e+03
"  442P/McNaught",2458350.5,0.5316,4.971,6.05,32.03,310.97,229.99,4.05e+03
"  443P/PANSTARRS-Christensen",2459288.5,0.2845,4.132,19.89,108.96,145.02,292.68,3.07e+03
"  444P/WISE-PANSTARRS",2459649.5,0.5703,3.428,22.12,89.41,170.89,341.15,2.32e+03
"  445P/Lemmon-PANSTARRS",2458476.5,0.4125,4.058,1.09,126.55,213.73,199.13,2.99e+03
"  446P/McNaught",2457030.5,0.6467,4.581,16.57,336.43,344.68,88.09,3.58e+03
"  447P/Sheppard-Tholen",2457897.5,0.1807,5.695,7.41,302.83,95.09,222.54,4.96e+03
"  448P/PANSTARRS",2458597.5,0.4190,3.63,12.15,161.78,219.03,184.28,2.53e+03
"  449P/Leonard",2459142.5,0.4790,3.598,15.46,242.57,176.65,355.00,2.49e+03
"  450P/LONEOS",2458143.5,0.3114,7.936,10.56,124.90,21.73,215.26,8.17e+03
"  451P/Christensen",2455207.5,0.5574,6.317,26.49,301.04,186.90,67.65,5.8e+03
"  452P/Sheppard-Jewitt",2457673.5,0.4279,7.271,6.43,123.80,37.30,240.09,7.16e+03
"  453P/WISE-Lemmon",2459864.5,0.5824,5.457,27.07,42.90,70.82,349.02,4.66e+03
"  454P/PANSTARRS",2459428.5,0.3615,4.208,19.81,54.61,19.83,319.19,3.15e+03
"  455P/PANSTARRS",2457854.5,0.3042,3.155,14.14,146.21,237.94,341.77,2.05e+03
"  456P/PANSTARRS",2459413.5,0.1187,3.165,16.96,243.22,234.67,119.48,2.06e+03
"  457P/Lemmon-PANSTARRS",2458952.5,0.1198,2.646,5.22,176.01,104.95,355.13,1.57e+03
"  458P/Jahn",2458930.5,0.3150,3.861,13.61,1.63,104.36,236.34,2.77e+03
"  459P/Catalina",2458483.5,0.5227,3.352,13.72,272.03,189.89,112.68,2.24e+03
"  460P/PANSTARRS",2457495.5,0.6663,3.022,18.92,180.53,351.90,6.09,1.92e+03
"  461P/WISE",2458948.5,0.5704,3.139,18.41,194.40,174.78,263.58,2.03e+03
"  462P/LONEOS-PANSTARRS",2459143.5,0.5779,4.888,7.03,322.92,4.42,300.68,3.95e+03
"  463P/NEOWISE",2459433.5,0.8253,2.976,29.44,283.72,215.91,244.87,1.88e+03
"  464P/PANSTARRS",2459747.5,0.2809,4.69,21.67,309.61,267.73,335.12,3.71e+03
"  465P/Hill",2455766.5,0.6138,6.013,25.85,217.94,141.51,71.48,5.39e+03
"  466P/PANSTARRS",2459449.5,0.4669,4.044,12.24,119.89,196.59,285.06,2.97e+03
"  467P/LINEAR-Grauer",2456223.5,0.0715,5.701,2.53,44.09,264.66,100.30,4.97e+03
"  468P/Siding Spring",2457914.5,0.4448,7.147,50.36,356.10,322.25,238.40,6.98e+03
"  469P/PANSTARRS",2457212.5,0.3116,4.335,20.17,179.03,43.96,303.93,3.3e+03
"  470P/PANSTARRS",2459293.5,0.3886,4.462,8.84,246.24,152.25,254.92,3.44e+03
"  471P/LINEAR-Lemmon",2460149.5,0.6278,5.704,4.79,283.35,94.96,349.20,4.98e+03
"  472P/NEAT-LINEAR",2458237.5,0.5592,7.643,10.90,207.85,218.51,253.58,7.72e+03
"  473P/NEAT",2454679.5,0.8225,7.927,56.95,22.18,43.11,108.69,8.15e+03
"  474P/Hogan",2459488.5,0.1887,3.129,1.10,26.75,12.09,243.19,2.02e+03
"  475P/Spacewatch-LINEAR",2456149.5,0.4398,7.298,14.53,147.49,40.54,144.02,7.2e+03
"  476P/PANSTARRS",2458822.5,0.3483,4.756,18.86,59.25,47.24,189.07,3.79e+03
"  477P/PANSTARRS",2458577.5,0.4160,3.007,8.91,59.21,305.89,33.36,1.9e+03
"  478P/ATLAS",2460162.5,0.3436,3.647,12.52,127.28,13.11,321.83,2.54e+03
"  479P/Elenin",2460007.5,0.7786,5.62,15.39,295.85,263.49,328.31,4.87e+03
"  480P/PANSTARRS",2458340.5,0.2418,4.65,13.70,230.46,212.10,191.30,3.66e+03
"  481P/Lemmon-PANSTARRS",2458151.5,0.3365,4.785,6.12,94.51,352.74,173.14,3.82e+03
"  482P/PANSTARRS",2459655.5,0.4929,3.762,24.52,126.22,339.38,300.36,2.66e+03
"  484P/Spacewatch",2458158.5,0.4329,3.762,14.47,265.41,241.02,221.97,2.66e+03
"  485P/Sheppard-Tholen",2454933.5,0.4159,6.841,10.01,261.84,195.92,70.51,6.53e+03
"  486P/Leonard",2460238.5,0.3640,3.629,2.21,219.03,93.97,284.32,2.53e+03
"  487P/Siding Spring",2459813.5,0.6481,5.165,39.37,49.20,0.82,293.60,4.29e+03
"  488P/NEAT-PANSTARRS",2458966.5,0.5505,3.737,11.37,324.11,1.30,157.74,2.64e+03
"  489P/Denning",2452504.5,0.6456,4.443,4.01,22.58,107.96,180.38,3.42e+03
"  490P/ATLAS",2458818.5,0.6485,3.025,12.28,307.60,332.53,30.22,1.92e+03
"  491P/Spacewatch-PANSTARRS",2459668.5,0.2592,5.013,9.37,311.73,299.07,281.65,4.1e+03
"  492P/LINEAR",2456627.5,0.6916,5.746,11.46,11.49,41.02,81.47,5.03e+03
"  493P/LONEOS",2458184.5,0.4628,7.116,24.05,1.36,83.56,210.34,6.93e+03
"  494P/PANSTARRS",2460080.5,0.3575,3.798,7.79,245.05,48.88,309.26,2.7e+03
"  495P/Christensen",2459253.5,0.2712,4.751,26.36,291.62,141.49,196.26,3.78e+03
"  496P/Hill",2459469.5,0.7335,6.079,14.83,63.82,42.16,276.06,5.47e+03
"  497P/Spacewatch-PANSTARRS",2456805.5,0.6321,5.587,10.53,40.65,32.43,67.39,4.82e+03
"  498P/LINEAR",2460344.5,0.5724,4.592,14.48,279.25,179.14,328.04,3.59e+03
"  499P/Catalina",2460368.5,0.6914,3.015,24.59,139.33,2.56,290.28,1.91e+03
"  500P/PANSTARRS",2459746.5,0.4134,3.356,2.38,116.50,42.29,202.41,2.25e+03
"  501P/Rankin",2459723.5,0.6957,2.236,10.10,140.49,52.80,156.15,1.22e+03
"  502P/NEAT",2458337.5,0.4716,8.047,11.39,264.60,37.20,249.74,8.34e+03
"  503P/PANSTARRS",2458767.5,0.4830,3.648,10.59,268.63,17.92,47.02,2.55e+03
"  504P/WISE-PANSTARRS",2460616.5,0.4060,3.745,8.81,221.12,308.50,338.51,2.65e+03
"  505P/Palomar",2457075.5,0.3175,4.085,11.47,112.30,144.67,246.77,3.02e+03
"  506P/WISE-LINEAR",2458729.5,0.4821,5.577,13.65,325.84,353.60,251.32,4.81e+03
"  507P/Lemmon",2458593.5,0.5680,6.289,17.10,233.43,108.75,277.11,5.76e+03
"  508P/McNaught",2454817.5,0.5705,3.57,31.77,268.82,339.03,195.75,2.46e+03
"  509P/Catalina",2457808.5,0.4635,7.022,8.71,275.82,179.54,183.22,6.8e+03
"  510P/Boattini",2457321.5,0.2490,6.514,8.23,280.93,86.41,123.44,6.07e+03
"  511P/PANSTARRS",2460370.5,0.2377,3.012,14.78,271.03,81.17,266.31,1.91e+03
"  512P/PANSTARRS",2458353.5,0.1551,5.727,12.55,73.78,307.85,142.20,5.01e+03
"  513P/Broughton",2458567.5,0.5508,7.293,21.34,57.02,304.48,246.15,7.19e+03
"  514P/Lemmon-PANSTARRS",2459731.5,0.3590,4.554,6.50,321.64,89.14,231.01,3.55e+03
"  515P/PANSTARRS",2458696.5,0.3614,4.385,20.41,120.77,16.59,98.21,3.35e+03
"  516P/PANSTARRS",2460119.5,0.3235,3.637,4.01,105.18,73.55,197.25,2.53e+03
