name,epoch,x_km,y_km,z_km,vx_km_s,vy_km_s,vz_km_s,gm_km3_s2,mass_kg,radius_km,text
Sun,2026-09-08 12:00:00,-206839.6390153642,-718825.8044021764,-295741.8454810132,0.01063107568174186,0.003815670978600796,0.00141119045449374,132712440041.939,1.9884098713264163e+30,695700.0,"Étoile naine jaune de type spectral G2V, le Soleil concentre 99,86 % de la masse du Système solaire. Son rayon d'environ 695 700 km représente 109 fois celui de la Terre. Au cœur, la fusion de l'hydrogène en hélium maintient une température d'environ 15 millions de K, tandis que la surface (photosphère) avoisine 5 800 K. Son activité magnétique suit un cycle d'environ 11 ans."
Mercury,2026-09-08 12:00:00,-58349943.7438976,-23316262.46342383,-6341600.756327953,7.945660258352314,-37.89735000604871,-21.06794457975582,22031.86855,3.3010006367708975e+23,2439.4,"Planète la plus proche du Soleil et la plus petite du Système solaire, à peine plus grande que la Lune. Elle effectue une révolution en 88 jours. Son atmosphère quasi inexistante entraîne des écarts de température extrêmes, d'environ -180 °C la nuit à plus de 420 °C le jour. Son noyau métallique occupe environ 85 % de son rayon."
Venus,2026-09-08 12:00:00,80408771.70645824,-65492738.39542991,-34542360.61114384,23.30177247469899,24.08526984500154,9.36388916091163,324858.592,4.867305814842006e+24,6051.8,"Presque jumelle de la Terre par sa taille et sa masse, Vénus est pourtant un enfer : son atmosphère de CO₂, avec une pression au sol d'environ 92 bars, provoque un effet de serre extrême et une température de surface d'environ 465 °C, la plus élevée du Système solaire. Elle tourne sur elle-même en sens rétrograde et très lentement (243 jours terrestres)."
Earth,2026-09-08 12:00:00,145707618.1373574,-35362155.91318786,-15314086.18264104,6.999678002584351,26.36840689373965,11.43114887793699,398600.435436,5.972168398723462e+24,6371.0084,"Troisième planète à partir du Soleil et seul monde connu abritant la vie. Environ 71 % de sa surface est couverte d'eau liquide et son atmosphère est composée d'azote et d'oxygène. Son champ magnétique la protège du vent solaire. Elle accomplit une révolution en 365,25 jours et tourne sur elle-même en 24 h, avec une inclinaison de 23,4° à l'origine des saisons."
Moon,2026-09-08 12:00:00,145465312.1145381,-35110770.71437546,-15193390.4468674,6.185926360827324,25.77981107572273,11.07553510910223,4902.8,7.345789071513118e+22,1737.4,"Unique satellite naturel de la Terre, issu vraisemblablement d'une collision géante il y a environ 4,5 milliards d'années. Sa rotation synchrone lui fait toujours présenter la même face. Elle est à l'origine des marées océaniques et s'éloigne de la Terre d'environ 3,8 cm par an. C'est le seul corps extraterrestre visité par des humains."
Mars,2026-09-08 12:00:00,63302520.5921478,199758773.7456176,89945794.37258828,-22.34818718440188,7.772165380299191,4.167607290742313,42828.37362,6.41690868255847e+23,3389.5,"Planète rouge à cause de l'oxyde de fer de sa surface, Mars possède une atmosphère ténue de CO₂ et deux petites lunes. Elle abrite Olympus Mons, le plus grand volcan connu du Système solaire (environ 22 km de haut), et le canyon Valles Marineris. Des traces d'anciens cours d'eau en font une cible majeure de la recherche de vie passée. Jour de 24 h 37 min, année de 687 jours terrestres."
Jupiter,2026-09-08 12:00:00,-502667719.6338945,558412347.2394191,251593967.3837657,-10.25552804409073,-7.144775196249547,-2.812741686529135,126686531.9,1.8981246258034552e+27,69911.0,"Géante gazeuse et plus grosse planète du Système solaire : plus de 300 masses terrestres, soit plus de deux fois la masse de toutes les autres planètes réunies. Composée surtout d'hydrogène et d'hélium, elle est marquée par la Grande Tache rouge, une tempête active depuis plusieurs siècles. Elle possède un puissant champ magnétique, des anneaux ténus et plus de 90 lunes connues, dont les quatre galiléennes."
Saturn,2026-09-08 12:00:00,1389380800.605978,248572183.3890597,42828916.35143963,-2.209493450120663,8.739813043707198,3.704821905555827,37931206.23,5.683173700612798e+26,58232.0,"Géante gazeuse célèbre pour son système d'anneaux, constitués surtout de glace d'eau, qui s'étendent sur plus de 270 000 km pour une épaisseur de quelques dizaines de mètres seulement. Sa densité moyenne, inférieure à celle de l'eau, est la plus faible du Système solaire. Elle compte plus de 200 lunes confirmées, dont Titan. Sa révolution dure environ 29,5 ans."
Uranus,2026-09-08 12:00:00,1347674986.227443,2367558769.558968,1017864483.219269,-6.084782582021679,2.568612406103255,1.211016181556393,5793951.3,8.68098721963352e+25,25362.0,"Géante de glaces dont l'axe de rotation est incliné de 98° : elle roule pour ainsi dire sur son orbite, avec des saisons de plus de 20 ans. Sa couleur bleu-vert provient du méthane atmosphérique. Son atmosphère est l'une des plus froides du Système solaire (environ -224 °C). Découverte par William Herschel en 1781, elle possède 13 anneaux connus et plus de 25 lunes."
Neptune,2026-09-08 12:00:00,4463993923.575661,221503315.789483,-20475207.20030531,-0.2723367006437892,5.054388813835414,2.075536367064535,6835099.97,1.024092409690904e+26,24622.0,"Planète la plus éloignée du Soleil, géante de glaces d'un bleu intense. Elle abrite les vents les plus rapides du Système solaire, au-delà de 2 000 km/h. Sa position a été prédite par le calcul avant son observation en 1846. Une révolution dure environ 165 ans. Triton, sa plus grosse lune, est probablement un objet capturé de la ceinture de Kuiper."
Pluto,2026-09-08 12:00:00,2977374333.609577,-3879729154.630963,-2107817302.144504,4.670628326904694,2.305952032695515,-0.7021673109494923,869.3,1.3024586848058972e+22,1188.3,"Planète naine de la ceinture de Kuiper, reclassée en 2006 par l'UAI. Son orbite est très excentrique et inclinée (17°), et croise par moments celle de Neptune, avec laquelle elle est en résonance 3:2. Elle forme avec Charon un système quasi double, dont le barycentre est situé hors de Pluton. La sonde New Horizons l'a survolée en 2015 et a révélé la plaine glacée Spoutnik Planitia."
Phobos,2026-09-08 12:00:00,63305588.52630945,199767183.1665263,89948491.23489448,-24.14122406322682,8.099537975477364,5.296149283882706,0.0007087,1.061834199841182e+16,11.08,"Plus grosse et plus proche des deux lunes de Mars, de forme irrégulière en pomme de terre (environ 22 km de diamètre moyen). Elle orbite à seulement 6 000 km de la surface martienne, en moins de 8 heures, plus vite que la rotation de Mars. Elle se rapproche de la planète d'environ 2 m par siècle et devrait se désintégrer ou s'écraser d'ici 30 à 50 millions d'années. Son plus grand cratère est Stickney."
Deimos,2026-09-08 12:00:00,63284466.28268711,199743852.2379262,89947088.23679732,-21.68072902369526,6.896034715369004,3.384857641143245,9.62e-05,1441349654645431.0,6.2,"Plus petite et plus lointaine lune de Mars, d'environ 12 km de diamètre, à la surface lisse recouverte de régolithe. Elle effectue une révolution en environ 30 heures. Comme Phobos, elle est peut-être un astéroïde capturé, mais son orbite quasi circulaire suggère plutôt une formation à partir de débris d'impact. Découverte en 1877 par Asaph Hall."
Io,2026-09-08 12:00:00,-503089077.3875658,558379473.2801203,251571612.8902347,-8.690830509613997,-22.6829631328646,-10.20239965224265,5959.916,8.929649551263803e+22,1821.6,"Lune galiléenne la plus proche de Jupiter et corps le plus volcaniquement actif du Système solaire, avec plus de 400 volcans actifs. Cette activité est alimentée par les forces de marée exercées par Jupiter et par la résonance orbitale 4:2:1 avec Europe et Ganymède. Sa surface jaune-orangé est riche en soufre."
Europa,2026-09-08 12:00:00,-502909819.8465202,558982686.3921937,251856580.1625976,-22.99456732218894,-11.60066633716075,-5.191904610676837,3202.739,4.7986140868705335e+22,1560.8,"Lune glacée de Jupiter dont la croûte d'eau gelée recouvre un vaste océan salé global, peut-être deux fois plus volumineux que les océans terrestres. Sa surface très jeune, striée de fissures, est l'une des plus lisses connues. C'est l'un des meilleurs candidats à l'habitabilité dans le Système solaire, ciblé par les missions Europa Clipper et JUICE."
Ganymede,2026-09-08 12:00:00,-501632736.2184179,558168705.7395426,251493844.4647132,-7.571896572747643,2.367029836532713,1.793748807750997,9887.834,1.4814788067662527e+23,2634.1,"Plus grande lune du Système solaire, plus volumineuse que Mercure. Seule lune connue dotée d'un champ magnétique propre, elle possède un noyau métallique et probablement un océan salé enfoui entre des couches de glace. Sa surface mêle des terrains anciens et sombres à des régions plus claires, plus jeunes et sillonnées de rainures."
Callisto,2026-09-08 12:00:00,-502774355.6066266,560111662.3482009,252393219.6202661,-18.4567637412328,-7.466139566261374,-3.086189405797228,7179.289,1.0756617173336529e+23,2410.3,"Deuxième plus grosse lune de Jupiter et la plus externe des galiléennes. Sa surface, criblée de cratères, est parmi les plus anciennes du Système solaire. Peu différenciée, elle se trouve en dehors des principales ceintures de radiations de Jupiter, ce qui en fait une base envisageable pour l'exploration. Un océan souterrain est suspecté."
Mimas,2026-09-08 12:00:00,1389441844.72648,248748508.6326292,42813331.29468235,-15.51137981889954,13.64820396154516,4.154023757618262,2.5023,3.749157214988838e+19,198.2,"Petite lune de Saturne (environ 400 km de diamètre) dominée par l'immense cratère Herschel, large de 130 km, qui lui donne l'apparence de l'Étoile de la Mort. Elle est constituée presque entièrement de glace d'eau. Sa résonance 2:1 avec les anneaux contribue à la division de Cassini. Des indices récents suggèrent un océan interne jeune."
Enceladus,2026-09-08 12:00:00,1389258632.802012,248777164.8104053,42824346.53693042,-13.00451130540148,2.393638799126148,5.100073694347278,7.21,1.080263098751929e+20,252.1,"Lune glacée de Saturne dont le pôle sud est le siège de geysers de vapeur d'eau et de particules de glace, qui jaillissent de fractures surnommées rayures de tigre. Ils alimentent l'anneau E de Saturne et révèlent un océan d'eau liquide sous la glace, avec des composés organiques détectés par la sonde Cassini. C'est l'un des principaux candidats à la recherche de vie extraterrestre."
Tethys,2026-09-08 12:00:00,1389666387.095636,248640700.2074459,42804545.73354527,-4.905631239462745,19.74562716090433,3.045865658541531,41.21,6.174430277332455e+20,531.1,"Lune de Saturne composée presque entièrement de glace d'eau, de très faible densité. Elle est marquée par l'immense cratère Odysseus (environ 400 km) et par Ithaca Chasma, un vaste canyon long de près de 2 000 km. Elle partage son orbite avec deux petites lunes troyennes, Télesto et Calypso, situées à ses points de Lagrange L4 et L5."
Dione,2026-09-08 12:00:00,1389576475.410952,248891506.2790376,42788735.58355383,-10.75745938584859,14.01094187635542,4.051923453952845,73.116,1.0954856689090991e+21,561.4,"Lune de Saturne plus dense que ses voisines glacées, mêlant roche et glace d'eau. Sa face arrière est marquée par de longues falaises claires, qui sont en fait des fractures tectoniques. Elle partage son orbite avec les petites lunes Hélène et Polydeuces. Elle pourrait abriter un océan profond sous sa croûte glacée."
Rhea,2026-09-08 12:00:00,1389771254.985803,248920700.4924302,42769302.20537278,-7.8595365665789,15.07641735506691,3.678765502845704,153.942,2.306489070014833e+21,763.8,"Deuxième plus grosse lune de Saturne (environ 1 527 km de diamètre), faite principalement de glace d'eau avec un petit noyau rocheux. Sa surface est fortement cratérisée et elle est en rotation synchrone avec Saturne. Des indices d'anneaux ténus ont été avancés à partir des données de Cassini, mais leur existence reste débattue."
Titan,2026-09-08 12:00:00,1388641285.15782,247590341.7692228,42960317.69873172,2.262024526957374,5.529603621407866,3.523936643975405,8978.14,1.3451807680206164e+23,2574.73,"Plus grosse lune de Saturne et deuxième du Système solaire, plus grande que Mercure. Seule lune dotée d'une atmosphère épaisse, composée surtout d'azote et de méthane, avec une pression au sol d'environ 1,5 bar. Elle présente des lacs et des rivières d'hydrocarbures liquides, un cycle du méthane analogue au cycle de l'eau, et probablement un océan souterrain. La sonde Huygens s'y est posée en 2005 et la mission Dragonfly doit y voler."
Hyperion,2026-09-08 12:00:00,1389319897.39218,250168189.7259662,42743882.36768297,-6.8512453162959,8.307031023150824,4.114221111477425,0.372,5.57361820715281e+18,135.0,"Lune irrégulière de Saturne à l'aspect d'éponge, dont la faible densité et la forte porosité sont inhabituelles. Sa rotation est chaotique : elle bascule de manière imprévisible car son orbite est perturbée par Titan, avec lequel elle est en résonance 4:3. Son diamètre moyen est d'environ 270 km."
Iapetus,2026-09-08 12:00:00,1385834360.130279,248992035.0583291,43612630.24914938,-2.715251491608905,5.637480565841727,3.231486224629914,120.42,1.8042341518960791e+21,734.5,"Lune de Saturne à la dichotomie frappante : un hémisphère très sombre, Cassini Regio, et un autre très clair. L'explication admise est l'accumulation de poussière sombre sur la face avant, qui absorbe la chaleur, fait sublimer la glace puis la recondense sur les zones plus froides. Elle porte aussi une crête équatoriale d'une vingtaine de kilomètres de haut et orbite à 3,5 millions de km de Saturne."
Phoebe,2026-09-08 12:00:00,1399813758.99635,243917738.8804553,39405942.05505596,-3.308021639923607,7.321298072467997,3.245444595460099,0.552,8.270530242871912e+18,106.5,"Lune irrégulière de Saturne, en orbite rétrograde et très éloignée (environ 13 millions de km), probablement un objet capturé venu de la ceinture de Kuiper ou des centaures. Sa surface sombre est recouverte de glace et de poussière. Elle est à l'origine de l'anneau de Phoebé, très ténu, dont la poussière alimente le côté sombre d'Iapetus."
Ariel,2026-09-08 12:00:00,1347585011.988333,2367622346.538688,1017708606.442679,-10.80315195839431,2.841403385777341,4.04423213385297,86.4,1.294517777145169e+21,578.9,"Lune d'Uranus la plus brillante de ses grandes lunes, avec une surface jeune parcourue de canyons profonds et de vallées, signe d'une activité géologique passée. Elle est composée d'un mélange de glace d'eau et de roche, avec du CO₂ gelé. Découverte en 1851 par William Lassell, elle n'a été survolée que par Voyager 2 en 1986."
Umbriel,2026-09-08 12:00:00,1347810213.21644,2367591926.272506,1017636571.453155,-9.971656960835283,4.020996030894191,-0.8841620399949115,85.0,1.2735417946451314e+21,584.7,"Lune la plus sombre des grandes lunes d'Uranus, avec une surface très ancienne et fortement cratérisée. Son élément le plus remarquable est le cratère Wunda, dont le fond présente une grande tache annulaire brillante dont l'origine reste mystérieuse. Elle n'a montré aucun signe d'activité géologique récente."
Titania,2026-09-08 12:00:00,1347951520.758781,2367412063.312428,1018169080.226337,-3.375873504106361,2.632569675168094,-1.219639402523396,235.5,3.528459913399158e+21,788.9,"Plus grande lune d'Uranus (environ 1 578 km de diamètre), mélange de glace d'eau et de roche. Sa surface porte de grands canyons (Messina Chasmata) et des cratères, indices d'une ancienne activité tectonique. Elle est nommée d'après la reine des fées du Songe d'une nuit d'été de Shakespeare, comme la plupart des lunes d'Uranus."
Oberon,2026-09-08 12:00:00,1347141031.81973,2367724955.098518,1017694211.384895,-7.184318228509539,2.019754104883387,4.106346212794982,192.4,2.882699309290862e+21,761.4,"Deuxième plus grande lune d'Uranus et la plus externe des principales. Sa surface ancienne, sombre et fortement cratérisée, présente de grands cratères au fond parfois sombre, ainsi qu'une montagne d'environ 6 km de haut. Elle montre peu de signes d'activité géologique récente. Elle est nommée d'après le roi des fées du Songe d'une nuit d'été."
Miranda,2026-09-08 12:00:00,1347745551.81093,2367566032.681204,1017755530.74965,-11.35189328670099,5.063471697653489,-2.037106214859332,4.4,6.592451642868915e+19,235.8,"Petite lune d'Uranus (environ 470 km de diamètre) à la surface la plus variée du Système solaire : falaise de Verona Rupes haute de plusieurs kilomètres, structures en couronne et terrains en patchwork. Elle aurait pu être brisée puis ré-agglomérée après une collision, ou remodelée par des forces de marée."
Triton,2026-09-08 12:00:00,4464124174.329041,221444031.0155934,-20799868.04980266,-3.63521143338021,2.367315322467261,1.21689939929337,1427.6,2.138950901218105e+22,1353.4,"Plus grosse lune de Neptune, en orbite rétrograde, ce qui indique une capture issue de la ceinture de Kuiper. Très froide (environ -235 °C), elle abrite des geysers d'azote actifs et une mince atmosphère d'azote. Son orbite décroît lentement : dans quelques milliards d'années, elle sera disloquée par Neptune et formera un anneau."
Nereid,2026-09-08 12:00:00,4463970277.355392,229376410.6049086,-16418359.73033717,-0.7331403143734503,4.797147855240867,1.913346199692011,0.004,5.993137857153559e+16,170.0,"Lune irrégulière de Neptune dotée de l'une des orbites les plus excentriques du Système solaire (excentricité d'environ 0,75), qui l'éloigne de 1,4 à 9,7 millions de km de Neptune. Elle effectue une révolution en environ 360 jours. C'est sans doute un ancien satellite régulier dont l'orbite a été bouleversée par la capture de Triton."
Charon,2026-09-08 12:00:00,2977366294.453479,-3879738895.73787,-2107832288.400203,4.534569479846823,2.200232652134029,-0.5604829182766715,105.88,1.586383590788547e+21,606.0,"Plus grosse lune de Pluton, d'un diamètre de 1 212 km, soit environ la moitié de celui de Pluton. Le barycentre du système se trouve hors de Pluton, d'où l'idée d'un système binaire. Les deux astres sont en rotation synchrone et se présentent toujours la même face. Charon porte une calotte rougeâtre au pôle nord (Mordor Macula) et de profonds canyons."
Styx,2026-09-08 12:00:00,2977402133.690466,-3879699775.132922,-2107794155.596987,4.718370788556691,2.334684521214326,-0.8081788668456569,0.001,1.4982844642883898e+16,5.0,"Plus petite et plus interne des cinq lunes connues de Pluton, d'environ 10 km de dimension. Découverte en 2012 avec le télescope Hubble. Elle est en résonance 3:1 avec Charon et fait partie du système de petites lunes circumbinaires qui orbitent autour du barycentre Pluton-Charon."
Nix,2026-09-08 12:00:00,2977365562.937222,-3879746565.244217,-2107880898.09315,4.566664103913643,2.215434850972494,-0.6548242132068889,0.003,4.49485339286517e+16,23.0,"Lune de Pluton d'environ 50 km de long, découverte en 2005 avec Hydra. De forme irrégulière, à la surface riche en glace d'eau, elle tourne de façon chaotique. New Horizons y a observé en 2015 un cratère rougeâtre. Elle est en résonance 4:1 avec Charon."
Kerberos,2026-09-08 12:00:00,2977378778.128298,-3879734384.918628,-2107876471.095874,4.56051031967575,2.205892747032016,-0.6883219514210909,0.0001,1498284464288389.8,6.0,"Petite lune de Pluton (environ 10 km), découverte en 2011. Sa surface est sombre, contrairement à ses voisines Nix et Hydra, plutôt claires. Elle serait née de la fusion de petits corps après une collision. Elle est en résonance 5:1 avec Charon et sa rotation est chaotique."
Hydra,2026-09-08 12:00:00,2977343617.035936,-3879759363.373695,-2107827685.826191,4.619251446243719,2.282178525758098,-0.5396165603881623,0.001,1.4982844642883898e+16,19.5,"La plus externe des lunes de Pluton, d'environ 50 km de long, découverte en 2005 en même temps que Nix. Sa surface très claire est riche en glace d'eau. Elle est en résonance 6:1 avec Charon. Ces lunes se seraient formées à partir des débris de la collision géante qui a donné naissance à Charon."